ID,Label
00MZGKU,0.00097270525
015JA41,0.005397892
01POB64,0.0005173967
02125F8,0.0005805652
03E8VFF,0.0038879062
053Y2GD,0.005562695
066QOIT,0.0013442617
06Q72AB,0.00062562904
07JRPDQ,0.00047888895
07QS525,0.00051964674
07R341Z,0.007903787
08R0J76,0.00053491816
09GGWSW,0.0015766339
0ANNUI1,0.0057993666
0APXE11,0.0013265321
0CWHE77,0.002436589
0CWXP2S,0.00062024174
0DG9EKU,0.0011609995
0DK9WAI,0.029121608
0DNLS8O,0.0019898156
0DOQZ2M,0.00980871
0DUU68N,0.00017016064
0F0ZS9T,0.00032466854
0F8PT4O,0.0033384804
0FQGLVD,6.5032196e-05
0FUGN8N,0.098021954
0GDATKL,0.005353903
0GRRWGK,0.00016377923
0H5NA4T,0.00045834633
0HJFWIJ,0.0056402613
0IHCI55,0.0006967298
0JMSPXK,0.00012561439
0K9979Z,0.06724034
0KIOURS,0.0006491851
0L10GQN,0.004291756
0LK3R19,0.0005232937
0LRK1B6,0.0003674578
0LX9KSG,5.2429863e-05
0M2N7UX,0.013420253
0MO2H0E,0.0003449362
0N6X207,0.0011287057
0O6HOE5,0.00018106349
0OHD4NA,0.0040629325
0PIXCTY,0.012413265
0QCK0GE,0.0027885628
0QU1TKC,0.0007996065
0QWD97E,0.0007741234
0R3JOET,5.5543085e-05
0SCE2JO,0.0001598409
0SD2F2B,0.0002921283
0SEARZB,0.011397168
0SLZXMO,0.0007197991
0U5INR1,0.15360671
0U74TOF,0.0005277799
0U9BRMW,0.00075914775
0UAN4HU,0.00047767532
0UM8RQW,0.0013939562
0V7MFEB,0.0017796998
0VGDJNQ,0.0008131376
0W9LNBJ,0.0007454459
0XSMAQT,0.00045116612
0XVJW7K,0.014091039
0YADFT2,0.0011093535
0YKKB3Y,0.00024190763
0YT2PIA,4.3187585e-05
0Z1VXZ7,0.0005347344
0ZBU2X7,0.0009522938
0ZKQAJ9,0.0005868085
1071Z7U,0.002765245
10C6TAV,0.0023274014
10TRNWV,0.19379213
11Q79HB,0.0015392855
12NYTLG,0.00042665825
133DG2O,0.022203585
13DJ890,0.0006933259
13OPOVV,0.0031535402
13T7CD5,0.00021465714
14BJLCM,0.000653814
150IFSH,0.0038549188
15LR35K,0.0069175954
15XCX3G,0.0063343733
16HX7VM,0.0007756582
16VWL28,0.00077451265
18XC6QA,0.00019945395
18YRASV,0.011435758
196X075,0.00015388694
1A4C5PG,0.0009774701
1AJZCVB,0.0004934742
1AOWES2,0.0035034819
1ARBO3N,0.0024909382
1ASKKE2,0.0013839317
1AVJMFI,0.0084260795
1B12Y44,0.0013708358
1BDNSJV,0.0022374783
1DW3VH2,0.011510981
1EDYL0V,0.0014397955
1EN0LFF,0.0021806227
1FDBZHG,0.00045328788
1FO1T9T,0.0026195142
1FYOV5T,0.0025236343
1GA8U15,0.004036766
1GAJZ6Q,9.019994e-05
1GDDF0W,0.012944194
1GMUFKE,0.00027835614
1H368IH,0.14964549
1HFTTYT,0.0006373057
1I707Q8,0.002224153
1I7YLUF,0.07656783
1IJWJVH,0.00022677121
1IQHF41,0.0032880735
1JJRNWU,0.23020886
1JX99UZ,0.00054259395
1K5ILMU,0.0006409975
1MEHUZA,0.00016314097
1MOCVSS,0.0007854781
1N0SZRC,0.0009443622
1N1C5Q2,0.002194664
1NOLIRQ,0.00025651243
1NTNLG8,0.00739803
1OVZCS7,0.0009624368
1PIOGCL,0.00379227
1PV5UCX,0.00052255846
1PZ0FG0,0.29960716
1QE511Q,0.0057318658
1QTFO7D,0.00088386325
1QXRTJG,6.5806824e-05
1QZTOIC,0.004690316
1RGJA1V,0.0012909939
1RWYCRB,0.00020944409
1TTVGG4,0.0001383497
1U89N3E,0.0004288324
1V4XP0J,0.00085832423
1VOQXMN,0.0017654484
1VUZSDI,0.0010441426
1WKNC7P,0.00046187325
1WW578S,0.0014539029
1YHN0HG,0.00096761214
1Z5ADPE,0.00039781188
1ZKB4XC,0.00030233918
201B68I,0.00013625444
20260XR,0.001649224
20QWNSP,0.0006923605
21P33TT,4.4626056e-05
22FFFMZ,0.0065009054
22YMHDA,0.00013332743
23B6IDP,0.25745755
24638M3,0.003700081
24FVXLZ,0.0022561508
24HOLQD,0.00020692163
24IC4DJ,0.00017791607
25WZG4H,0.002378385
2712PVF,0.0011819319
276WXWH,0.0011747474
2797TFH,0.0012686393
27FR28E,5.0879884e-05
27QEI27,0.0009574385
29PZ62M,6.475194e-05
29ZBFFC,0.004740462
2A78OXV,0.0040560076
2A9R7RY,0.0029643914
2ABGLQE,0.0006264085
2AL992O,0.0014207676
2ATM3H5,0.0003885559
2B49W5Z,0.002333245
2BL6GS4,0.00039670413
2BP4Y7N,0.001782545
2CG4OQ4,0.0004933444
2CV8H5H,0.001075949
2D4FV1X,0.0009306517
2D83MKG,0.00021797982
2DIJ3J3,0.002741252
2EQ3STA,0.00035696843
2F6GBHW,2.519842e-05
2FK44F4,0.00018968088
2FZK0GB,0.00053638197
2GAD8L3,0.00065772823
2H0BNAT,0.00043889534
2H75PP7,0.010199037
2HAGOP6,0.0011610703
2HUMVA0,0.004399436
2IHHADT,6.591736e-05
2IRIOH9,6.7705914e-05
2IYMP8N,8.0692465e-05
2JFIMI8,0.017109888
2JTXACZ,0.0025236236
2KKVPN5,0.0005301294
2L2SCV0,0.00033383814
2MLS2H8,0.00026227234
2NA2Q0R,5.7025147e-05
2NJIU4L,0.003266361
2OKLAHS,6.426069e-05
2PF4DH1,0.0003057454
2PT38SA,0.30306327
2PWUOU9,0.0033233785
2QGAFQ0,4.2834304e-06
2R2QDTA,0.0008404652
2R49QYI,0.00040560745
2RE1V2T,0.00076012
2RMFVV9,0.00068902125
2SU1BYQ,0.001761204
2TQOBQB,0.2753564
2TUZDT9,1.9669871e-05
2U4AABB,0.0006533854
2UFX42W,0.0015862136
2V309FY,0.0002916541
2V7M8ET,0.0056567267
2X0R36U,0.00062541646
2X0R9XJ,0.0011059459
2XFBSER,0.00011502613
2XU9OA9,0.000353415
2Y8QG5S,0.005362007
2ZIY91Z,0.0005435181
302H0US,0.000696838
30Q5S7R,0.0012686265
30QFZK8,0.0007744639
31KC11C,0.002373595
326NYII,0.0016106726
32SB6IQ,4.3472657e-05
32VWP36,0.000689219
33F946P,0.01032577
33KBDX4,0.00043821157
33TZ0G9,0.08510383
33WBGB0,0.0018660031
34EUDSC,0.00048306314
34TPSPL,0.0005051541
34UYF26,0.0009801371
35YE0U3,0.005054981
367MRZM,0.0008776162
3717ULI,0.000523245
37F9JU7,0.13795605
37JUWLR,0.00022557934
37W3373,0.00090405176
383X48S,0.0002878277
395IABE,0.0004978758
3961QF4,0.00021461294
399904P,0.22106731
39L31VG,0.0004918391
3A3XMQF,0.32645184
3AFNSBF,0.0007891723
3AVCWAI,7.1865135e-05
3BD3725,0.0023342376
3CRFAIR,0.0009567518
3D1O70H,0.0007759694
3E7E05P,0.0018528264
3EI4TFZ,0.0012130459
3EJG3X4,0.006909565
3EPR398,0.002305155
3EUZ96L,0.0029326517
3H2HIVN,0.0003670529
3H9YB3Z,0.00083669
3HAZFSZ,0.0001084479
3HQF8RD,0.0068125403
3HZ2PF1,0.00037203124
3I6P9ET,0.0009234741
3IA6JEZ,0.00043830916
3IC184U,0.00063664705
3IVY72Z,0.033727698
3J2VT0W,0.0002975148
3JLJ1OT,0.0022202567
3JVXY2L,0.000426952
3K8HWY3,0.13719341
3KM96Q2,0.00018217682
3KWE3RJ,0.0011541136
3KWXKN9,0.00061858434
3KY5SPJ,0.00087451725
3L6UBOY,0.0006995415
3M2NEKR,0.003908596
3MAYX9Z,0.0013373373
3MLRHT6,0.000817391
3MXNEBY,0.09239814
3O1I1BY,0.0005183168
3O1ZQDL,0.006085855
3OLOSDR,0.00091579225
3OZYTOC,0.0016395242
3PSR2IS,0.00067785155
3QABTTG,0.004433216
3RG6XV2,0.00060974737
3RLK983,0.0031271372
3RMTJPU,0.00095255335
3SSMGF2,0.00014771955
3U6IX2F,0.0002441809
3UVOR59,7.505708e-05
3UW8851,0.00986264
3W86ZH4,0.0001923421
3X39NRT,0.0023164174
3XJ7ADI,0.7749147
3YSIWHF,0.0024983732
3ZO26KO,0.00011036064
405KXSZ,0.0019354813
40Q3KHR,0.00269207
40TUAEB,0.0012481861
411JXCP,0.0014641902
4130MCP,0.0036331858
415IMAJ,0.0013790006
41BX6HD,0.004926256
41R4MJW,0.0024125965
42J4O5X,0.00040661127
42QQXIN,0.00061209884
431NZHK,0.0007298764
43AG0TU,0.0005821608
43LGJQT,0.00011841171
44JN14J,0.00038554706
44T9J9S,0.012114936
45MHKEE,0.0006880456
45TWXDY,0.00083196687
45XPLDT,0.0015674595
4679OMZ,0.00068076845
46864CQ,0.00015447293
46JVY9T,4.526766e-05
47ZSW0V,0.0018321546
48XNCHM,0.0037496255
495RF22,0.0026924363
49ASIZL,0.0011287073
4ARVRIV,0.00023780936
4B4KWT4,0.008817487
4BTMPF6,0.0007556663
4BWAH03,0.000820546
4C9YHEX,0.00040545495
4D8TZIF,0.0012581408
4DL8C3W,0.43154162
4DZA1J9,0.0004283158
4E2P073,0.032871954
4E4USKB,0.00018332916
4E560NC,0.0005346414
4EN1W94,0.0057889507
4EY7QK2,0.00087691203
4F2HJB7,0.00016098331
4F4C487,0.001614508
4F7PRVX,0.00060192
4FYJLCD,0.000150627
4G3F6ZR,0.0010302073
4H4VHKI,0.0033292135
4HBBHS6,0.00074645743
4HDO7IK,0.00028391747
4HNF36G,0.00442689
4IL91RU,0.00094683387
4IPZPC5,0.0020825437
4IXZT2O,0.0066734906
4JQ1JZP,0.0021171616
4K24Z2G,0.0016181938
4K3V46V,0.003305954
4KUMXNP,0.0009165949
4L0425Q,0.00047250415
4L9OFRN,0.0004432916
4LE8X1W,0.0010252495
4LM3YB5,0.007308747
4LXKV1W,0.003160009
4M4JV4U,0.00029000323
4M5BIBJ,0.00037779292
4M5PW3S,0.002265697
4MJJ2QR,0.0007455318
4N5DVAM,0.0017374768
4O70PSE,0.5467409
4OIWOY7,0.0007691123
4Q01FHY,0.00021173994
4Q9Z9U5,0.003108463
4QAUZKN,0.0044822763
4QJLQL1,0.0018115134
4R654WI,0.9060157
4RHJ1JR,0.013930909
4RPLXCH,0.0003419231
4SCBQE0,0.00064579543
4SZ1IA1,0.003166345
4TMMWNF,0.00038034312
4TPCY2H,0.00048543455
4TS9YBL,0.00060501636
4TZAV8A,0.0007209061
4U7NAF7,8.303987e-05
4UAY6WX,0.00060881994
4UL32QJ,0.380925
4USCL4R,0.0036493368
4VBE386,0.00063263025
4VSRVR9,0.00085510704
4WOO8BD,0.000119174976
4XJJGTY,0.0063584745
4YWLVH9,0.002518762
4Z1X8Z0,0.000334764
4ZT4XD1,0.00045908598
4ZWGMI2,0.011023921
50GCYZS,0.00034710945
50UR0C6,0.0010363196
50XNYEB,0.0003486546
510JGM4,0.00044524367
51O64Y3,0.00037582015
5207YU0,0.0037119281
526MIRJ,0.0008837845
52G0FNL,0.0008235423
52U13H4,0.00840348
53Y8P3O,0.0003273099
54Q73B8,0.0019538214
56EQH9H,0.0022686752
56HUFXP,0.00095295825
56O6W65,0.0060411165
56RF1M8,0.0003714669
56W0A5U,0.3785354
57SKO0I,0.00057111646
58QUHI8,0.00046227608
59RNRNR,0.002070556
5A3JJFV,0.00021669689
5ASPJJ9,0.0013378419
5AV7PYE,0.0009749449
5B1EYMM,0.0012987934
5B327FE,0.0016701904
5BB41LH,0.00024235898
5CGS6Q5,0.011338022
5D20X5Z,0.00010033881
5E8V1O0,1.2369784e-05
5EHYPNR,0.00024225339
5FI6LOB,0.00022362715
5GMFLKH,0.00091422256
5GU1X6C,2.3657432e-05
5GZT0XE,0.002777341
5HC4WW9,6.4273314e-05
5HR56GM,0.0037700175
5IAOF7B,0.00051586423
5IP37IJ,0.0044501857
5J5SPFI,0.0001601034
5J9J9CQ,0.10657052
5JVGYE2,0.72349435
5KJNPBU,0.0011947704
5KSI1Q3,0.00073088356
5KVO7NN,0.002583322
5LLY9WB,0.30083677
5MGDP5Y,0.00035971674
5MGI39A,3.2097367e-05
5MW2OJF,0.0003780248
5MXFYXB,0.0015407234
5N4BYY9,0.0022116695
5NITZJ6,0.0019173048
5O1KZL0,0.00019705252
5O2KAXG,0.00502237
5O41VRQ,0.00011493524
5OE4SKY,2.9009012e-05
5OV1E9E,0.00020726756
5P14E7T,0.09254406
5Q1496D,0.0051297215
5Q1SFEB,0.003529583
5QKFNN5,0.0004773121
5R99U1Z,0.008647828
5RR5RDJ,0.0055081323
5SSHHMA,0.0005114424
5SX19KA,0.009786094
5T6J47Y,0.0015923332
5TDEYNU,0.004748286
5TFVFPF,0.00019875381
5TLWC6L,0.004270261
5UCC4RL,0.00017281725
5UV9F0N,0.001691663
5V0FCVG,0.3851756
5VPV465,0.012440775
5W185TK,0.0020950893
5WEYHSH,4.203759e-05
5WFXVGE,0.004229143
5WR54VG,0.0018041907
5XCLK61,0.0017790003
5XP41DO,0.0051948875
5XW5Q2A,0.012265503
5YLTWQ7,0.002301427
5YM9XMI,0.0001908705
5Z07TQ1,0.00079748494
5ZF6Q0B,0.0008009624
5ZIZAP0,0.0051459395
5ZNOJFU,0.0011359206
5ZU72WS,0.00042846688
61DF8XB,0.001243262
61NVKBR,0.0057951566
62HAR4W,0.04352669
63D2BA9,0.0107584465
649MVS4,0.0046078134
65BM2B3,0.00063152116
663CLB1,0.00035833434
66GKN2U,0.00024191318
66N7V66,0.000110370114
66USZ2W,0.03512261
673R7XU,0.00028332908
68CZ87U,0.00018312896
68NC4J3,0.05558216
698ITW2,0.0010444119
69HUARV,0.011259425
6AOHZY6,0.0027763192
6AST2EP,0.0002847
6C4Q55B,3.4923964e-05
6CANLGK,0.00095944846
6CCKEMR,0.0008004119
6CJ6W9A,0.0023410935
6CJJLEG,0.00017946395
6CUE29G,0.0018683679
6CV8JSH,0.00024951785
6CWGK2D,0.0015787475
6DJ6K5B,0.005003626
6DXGAFA,0.0002911432
6DZQE48,0.013337962
6E3X6EU,0.0010633989
6EKK49B,0.0021794175
6EPAUVN,0.00045711154
6F5HSY8,0.00021442866
6GWWFLY,0.002584528
6HU2010,0.0006704863
6JYRTMX,0.0013127177
6KCAN53,0.0002946752
6L7UEFG,0.00094819884
6LC2SOT,0.0014586264
6LP9YCB,0.0043850257
6MGGUSW,0.0001632468
6NW3UV4,3.987175e-05
6O4RAPJ,0.0018083812
6OQXFU6,0.0020935526
6Q8Z7RW,0.00016782932
6Q9X1LY,0.18942136
6QHYIY3,0.00023564485
6QN71Y9,0.00021499881
6QWGN3Q,0.00017170445
6RNMQPV,0.00032692475
6RXBHGZ,0.0018238852
6SW0V8W,6.40652e-05
6U2B7FC,0.0007022547
6UVF0O5,0.0012701307
6W1T94T,0.0030598745
6WDIKZ0,0.0047746627
6WLE7E8,0.0007577312
6WXCAY6,0.0005412509
6X7XAML,0.0056975596
6YU4EJZ,0.0008711943
6YV387Z,0.0022145472
6Z7NBY8,0.08229364
6ZFS0BR,0.0024118333
703QKOB,0.0012689692
7095Z23,0.0011870131
70NU2ID,0.56186485
71037SO,0.00060460134
7104CWI,0.00041220157
710F63Y,0.0012784828
7158BYT,0.29958853
71ZJG0U,0.00022952948
72AMPKE,0.0027063657
72VPKXG,5.659424e-05
74A4L4D,0.00052869
74BWFC0,0.0069674966
74Y7IRB,0.22962019
75MJJFI,0.004770781
75N9B3J,0.0058981185
7635UFX,0.00068646314
7669MNQ,0.0040347422
76B3GS1,0.0013444282
76HOYMW,0.0018765794
76X8B3X,0.00044286094
78GN3ZU,0.102550976
79F8OCZ,0.0003790966
79GB3M8,0.00023445752
79OF3MM,0.0004947129
7AF2CG3,0.011190461
7AP7J5B,0.0006772359
7APAGDH,0.00012128569
7AZLIXZ,0.00050909247
7B1I2F4,0.0037476257
7B494IA,0.0013135312
7B5J8E1,0.00033121262
7BHVCGD,0.0010099631
7BTALNM,0.00034399243
7C9DKSP,0.008834832
7DSKCA8,6.487147e-05
7E4MLXE,0.0003943656
7EF2WAL,0.00052654685
7ES38WE,0.00011044507
7EYTK7M,0.0038677244
7F04I0I,0.0040541473
7F62D0Q,0.005490696
7FL74WB,0.0006797629
7FYJNQG,0.00023806845
7GD1O2X,0.010075143
7H2ATWR,0.0005403352
7HF3DPR,0.008982589
7HQUDDC,0.0012285396
7I9JHBI,0.00035734178
7JGFR3P,0.00034066732
7KJ7FHX,0.0003078223
7LXDSKM,0.001636998
7MP1PEM,0.002411503
7NL4N7R,4.3115735e-05
7NQ880M,0.00025455948
7NRIFII,0.00012871763
7NU8GNQ,0.00016042264
7NXKTTN,0.0011386654
7OJTZQX,0.00020616224
7QGRRB5,0.00022333414
7R381LW,0.061621305
7R8EEHO,0.011510281
7RSW9XB,0.00093973835
7S2WHQB,0.00031859038
7S8G4T9,0.00074526196
7SBA37O,0.0009516272
7SIVGQ1,0.0058632535
7T6EQ70,0.0011623928
7TQCRAD,0.00033048686
7VU9O77,0.0013634274
7W1BFYM,0.00024084465
7W4Y54E,5.154888e-05
7X6DNFX,0.00051535014
7XED6JT,0.0018580935
7XR5CEJ,0.0004817138
7Y47FUI,0.0027371075
7ZDTJV4,0.00069132866
7ZEPC8C,0.0030757252
7ZJN98X,0.0030754856
80KHW55,1.5849138e-05
81LN5WN,0.08548566
81V1NGN,0.0013177389
82QNTOM,0.001154119
83YPCRH,0.00077211467
84DRKAW,0.0009838833
84VUXPS,0.0019997538
85CKXW3,0.004870243
85NTHFK,0.011974411
85O8UQ4,0.0013985503
85VYCOX,0.00022967505
86A7BSY,0.00056461635
86QTWDU,9.97441e-05
8783VDB,0.0014780331
88AT0SA,0.001708269
88BM2S5,0.0005661122
88QBI2N,0.0018558793
8911QPD,0.00039064485
896NG11,0.00067448936
89829AE,0.00018743321
8AEP7S4,0.00032334
8BLL54Z,0.00010020838
8CAEE5K,0.003513538
8D31P5L,0.012142896
8DBQFKJ,0.00068354607
8F8MIN6,0.0009847067
8FF0HPY,0.005869104
8G9F89C,0.0013215321
8GI454H,0.00030634704
8GU0JKA,0.0005903722
8H1Q7MO,0.00108239
8IQZLVH,0.0011461518
8J0CADF,0.00074607984
8J8J64F,0.0004489047
8JVN6UA,0.397657
8K926TM,0.00017544505
8KC0DMI,0.0051733823
8KF2BI4,0.00064610876
8KL7Q1G,0.00025632125
8L2KXHU,0.00017057246
8LDS02K,0.0026872186
8LJOUZP,0.0020770214
8MLD892,0.0003004098
8N9CTJB,0.0005113264
8O3XT82,3.31159e-05
8OVR668,0.002099864
8P45NM3,0.0010388131
8P7KA1C,0.6659098
8PHQ8K4,0.0021854558
8Q6LV6J,0.0008010181
8QMW7PR,0.0011514873
8RNPAB0,0.00027058416
8TGXYPP,0.00016950851
8UHMFYX,0.03985369
8UY3TH2,0.0001739706
8V4OQPJ,0.8869282
8VPUORH,0.25637248
8X6DRWA,0.01247208
8Y2679X,0.000330525
8YD12DF,0.0012614579
8ZQDAHG,0.0004837338
90AGJ1Y,4.897828e-05
919840K,0.00032272373
928LAVE,0.00083433307
928NAXS,0.0074639283
92CL8ZU,0.0014837747
92QIWPU,0.0050247363
9393L89,0.0054151556
93DI1VC,0.0028602292
944GTO1,0.0011536491
94G83J2,0.031176228
94TGEGX,0.0013563611
957VUOE,0.00014298201
95QAHIH,0.006119988
96VLXZC,0.00018279644
9788VKD,0.00035841033
97N7CD6,0.00023915249
97P4BCB,0.0013233394
98D3PR0,0.0060143215
99A7LVH,0.018562581
99UH4AB,0.00049696025
99V63YA,0.0007470367
99Z3GKN,0.0041723936
9AOPYGS,0.00096659776
9B2JTMC,0.0005569145
9B4HJ3P,0.000107388674
9BY7PZN,0.0011875146
9C9BB7V,0.00248856
9CB0RMZ,0.006157791
9CEKX2M,0.00023365147
9CHVT4G,0.0009418951
9CVSQU2,0.007761315
9ECHS07,0.00011580643
9EXV484,0.03377185
9F2XMYU,0.0015768546
9FSR3AN,0.0032941126
9HCLDQ9,0.033350557
9HCSP58,0.0058414503
9HVVYIW,0.00049867755
9I08PUD,0.070490174
9I2GLG1,0.009464416
9I6MX0T,0.0005049647
9IFPH09,0.0008839782
9IQ3IYC,0.09339233
9JO3WNW,0.0025712776
9KLZZZH,0.001464223
9LQNOIH,0.00018642706
9LQVKUR,0.0022550444
9MZOXY2,0.00031653527
9NDPQN6,0.00012890322
9NT5Q74,0.0013240863
9O9W1S0,4.0745646e-05
9OJAV50,0.00043786754
9OKZEFC,2.9171608e-05
9PSU64N,0.00087433646
9PZ4Q8H,0.0005229127
9Q2N37H,0.0003023709
9Q3EAYE,0.00024806755
9QLJKLB,0.0058256765
9QMLQV2,0.00033843002
9QOB652,0.00067946984
9QXLF84,0.042182293
9RJUVZG,0.00097641686
9RRZP5S,0.0015171365
9S0MQOK,0.0003231218
9SMXJAZ,0.0036642656
9SQFK50,6.412283e-05
9T1VRIK,6.0103102e-05
9TMEO8T,0.004733066
9U4UW88,0.005914054
9UF3QU7,0.016608903
9UIZAO1,0.00046093052
9V34LU9,0.007322644
9WFNPS4,0.000722731
9WVH0QD,0.0070945
9X8G0UN,0.00017776446
9XDTID1,0.005613315
9XGBKCW,0.00017261041
9XJLW45,0.015599163
9YDKEBC,0.00032738948
9YIBIBM,0.0011963283
9YP4YMQ,0.0007875384
9Z1MRC3,0.0062708627
9ZG3SHF,0.0012154927
A02C4MF,3.5916026e-05
A05MN33,0.0007327505
A1BZQJG,0.0018064497
A1F4Z6I,0.00017077278
A31V6LV,0.0032827428
A3MJ262,0.003339201
A3XSNTB,0.0017796354
A4S77CC,0.00045371414
A5NWAWA,6.245227e-05
A6LKP39,0.00015270223
A7L56VJ,0.0012368967
A8JOKV4,0.0012174087
A8VU0UH,0.00074505387
A93KT5G,0.0014918675
A95VZ7E,0.0002718766
A97DYXI,0.00016618783
A9CG26Y,0.002138019
A9I16O6,0.0011414558
A9XOWEG,0.00027914468
AAJZUOP,0.00029766062
ADSJ246,0.00086477504
ADXUOU0,0.0038313821
AE2H1VJ,0.00037784444
AEE1I5X,0.003395681
AEE4B30,0.007069279
AEXJVRD,0.00019248464
AEYM8XY,0.001442719
AFRW5U8,0.007318731
AG2VT28,0.00045810023
AGKPR4I,0.0010741282
AHIISOM,0.023921357
AHK5VTP,0.00177628
AJ98XAN,0.00011229674
AJF5XN7,0.001408317
AKTWGXZ,0.0004255181
AL7ZLAS,0.00061766466
ALOKQCD,0.0016199457
AM1ERCM,0.0036243054
AM4YYYC,0.00017728121
AMUUDUJ,0.00017757523
AN7VC2X,0.00031380157
ANN243U,0.010245304
ANRDN58,0.0020116053
AORV8RT,0.0007308024
APR5XW3,0.0020793907
AQAGV9W,0.00024340732
AQCU122,0.0006952832
ARN2S9C,0.087869614
ARP9610,0.00042330148
ART3LIH,0.0004221695
AS0XJHI,6.0145874e-05
AS86EK6,0.0023665777
ASE9MRI,0.0011918299
ASRR5NT,0.00018805564
ASW5OGG,0.002636537
AT0OOG2,0.0027827863
AT76LMY,0.0010810179
AUOCIC6,0.013237782
AVNECFX,0.0006532914
AVZBB3Z,0.0004925015
AWIPW3U,0.0007508794
AWK7JNQ,0.0019523519
AWKVWZA,0.004442578
AWNVY0X,0.0021882672
AXKXX69,0.002375835
AXP8GAX,0.00023722713
AXXTTBW,0.01646447
AY0M0AI,0.0005762247
AYFJ8SD,2.7259886e-05
AYJ1OVS,0.16400014
AYTWFXZ,0.000857403
AYV6RGH,0.001259675
AYV71U2,0.004780435
AZ7GNC7,0.00031274642
AZEYLG3,0.0025764876
AZK0GAS,0.0014999998
B0B8W00,0.00046541024
B0UAKHK,0.00015393786
B0UIEYD,8.673464e-05
B2UP7EV,0.0007432176
B2XTIN0,6.414002e-05
B31S87O,0.0005161212
B3F6E22,0.00090312277
B4DRX8C,0.000101614234
B5FL5N9,0.034745764
B5MNGRE,0.0013405968
B5QF681,0.000325398
B5Y3N97,0.0059366864
B70KLFL,0.00037073155
B76Y5DM,0.0005813174
B7ANLVG,0.0003072078
B7BS9US,0.000333193
B7NFRVK,0.06066519
B87CWVT,0.0012088923
B8WFDLN,0.001788816
B9U1ZY5,0.0052224314
BAH1SZM,0.00017121398
BAPJVFG,0.0028255954
BAX77QD,0.0013576936
BBQDMKE,0.0007785964
BD4NHPK,0.0005443458
BDPCPZN,0.007510361
BE4TETA,0.0002894182
BE8RVQP,0.0014498705
BFFTRPP,0.0078134155
BFN2RTR,0.09015214
BFNG5AJ,0.00033360717
BG4Y7I6,0.0002530432
BG6Z947,0.0004378573
BG73IAY,0.0010277649
BGHU2NM,0.00024067453
BIC8GBC,0.9091494
BIXJQAZ,0.00039443086
BJ9FYBH,0.0018012217
BKIXIIA,0.0001721359
BKOWSBF,0.0005610687
BKQHXCL,0.014918138
BLBF8T3,0.0005084244
BLG6YK2,0.00058631756
BLIB55V,0.005097668
BLJ7GKN,0.0017860604
BMCBJWV,0.0026347472
BNW0KLN,0.00040914078
BO02KP2,0.0012486434
BOJUELD,0.0020818748
BPU0N9X,0.00069446
BQLGR9U,0.0070614177
BQSDTVR,0.00043452013
BR152VR,2.1315396e-05
BR1FHO1,0.0018107153
BRK1HUS,0.005633163
BRU3LBW,0.00022196659
BS94NBI,0.0023792281
BSEFE70,0.001178905
BTJ3GN4,0.004512883
BU4PJ2J,0.000770171
BUDT4FU,0.007534686
BUKJTR9,0.01423672
BV2P9TP,0.0023306878
BV5QK5Y,0.062094107
BWR5533,0.00077640434
BWV4KXH,0.0011580902
BXOR2VW,0.00019118196
BY4QL1E,0.00057370873
BZO73MI,7.712507e-05
C08OF8C,0.0009652826
C0OMYH2,0.0003160016
C0T961P,0.0007454768
C0W1Z3D,0.110139586
C1C6GXG,0.0020157835
C1MHADM,0.0020108118
C27SVXA,2.9336234e-05
C2EHLZ7,0.00039591925
C2PM9BA,0.0014946487
C33AEAE,0.00022957654
C38CGJZ,0.0028532883
C3ZV7I6,0.0012898522
C41RXRI,0.00067739177
C4MMHUT,0.000406892
C54G9KP,0.0002457455
C58CDD8,0.0034733915
C59RQ02,0.0021378635
C5IT8B1,0.005690338
C635LW1,0.0054951976
C6382GP,0.00041046474
C6S31H4,0.00035925923
C7B7W0X,0.0018236927
C7JOKLY,0.005579846
C7OPR59,0.0026617304
C8FDJM9,0.0005694236
C8RIER2,0.003327562
C91QA43,0.00018626964
CA9ILYW,0.0007334621
CAKV9N6,0.00048824586
CB1FU1Y,0.00022404289
CBFPIFP,0.0038630904
CCEF63B,0.0007520911
CD40A9M,0.00037284452
CE4DH2N,0.00047657426
CEVHF7L,0.00040915367
CF6NL6S,0.0012488473
CF9A3KU,0.00046893425
CG9I32A,0.018749554
CGB22UC,0.0031608606
CGERTGQ,0.00016976504
CGGNABB,0.0009588905
CGITB2S,0.0022163095
CHLQQFT,0.000463092
CIE38R0,4.9016548e-05
CIMDEAP,0.0023765652
CJ1ME61,0.0015494757
CJO69VO,0.027805716
CJOYAYE,9.4620475e-05
CJQR6DW,0.011066335
CKCDMGX,0.0022236672
CKFOQMB,0.001023881
CKS0IP3,0.002506659
CKUCZX7,0.00043759402
CL3QK9T,0.000735772
CM049LD,0.00043138943
CMFN87K,0.008450776
CMJJLRF,0.0006786405
CN82AII,0.0008456688
COXJMMG,0.0018375306
CPNR3LK,0.0018410245
CPVX48R,0.0012448652
CQ379QH,0.0011960139
CQHNPPL,0.003025103
CQJYAJ7,0.0016178903
CSDHO5Y,0.00013311427
CSYF1KS,0.00081694947
CSZ8KRQ,0.00020178765
CTY7CHJ,0.0001698196
CUHDGEE,0.00022607499
CUO5AVZ,0.0006115373
CUR1MI4,0.0007607109
CUZVBQQ,0.0017410391
CVCR6A3,0.009557039
CVHDES5,0.00069098285
CVLJ7IL,0.002140739
CVMJKOF,0.0012407352
CWCMWMS,0.00046966187
CWE6TD1,0.0011557676
CWTQ3EW,0.0040525286
CXI8DX0,3.091951e-05
CYZK34W,0.00019933874
D07MB8Z,0.0023422665
D0ISH9D,0.0013515771
D1AE74T,0.00050363265
D1Z2442,8.0467405e-05
D2N0WUX,0.009889385
D3015G1,0.0012214333
D3CMFUK,0.0006791108
D3UWA45,0.00051592157
D42PBXH,0.0005589342
D54N237,0.0023850983
D5938SB,0.0005714113
D5DWEYY,0.0006263965
D5HGGK7,0.0011040879
D5LPGHU,0.0003927119
D5W7W1X,0.36930513
D616YJ4,0.00090738805
D65TD3K,0.042525098
D66538F,0.0015461472
D79G1WB,0.0004353012
D7JZ8BY,0.0004657426
D7KPHC3,0.0007390643
D7LN6MT,0.007873
D89HO5H,0.00072519714
D8JPZDE,0.0010842796
D8LX3E8,5.580073e-05
DB8JBCF,0.00025949648
DC0E7EZ,0.000470322
DCF6CE9,0.0001028427
DDG1KZB,0.03999363
DDIM4IV,0.00092478597
DDW3JWD,0.0015328011
DEOFPG3,0.0012534973
DF1Y7A0,0.0047382354
DF38EKM,0.08174282
DGT7M4E,0.00089466467
DGWZ4J5,0.0014743367
DGXUEMG,0.0006848544
DH4UC6U,0.00016931984
DHH63TD,0.011567856
DIH28R6,0.0052159573
DIO9420,0.0005262042
DIQG9KW,0.008894175
DJ56TJ7,0.0025216676
DJTLD3X,0.00010614741
DJYF8Y4,0.00038391826
DKXI87Z,9.363984e-05
DL9LNTC,0.0005054992
DMLCJQX,1.1822556e-05
DMQPSEP,0.0011887873
DOKNJ9O,2.584884e-05
DOTSMZW,0.0005679869
DQHS4MU,0.032194436
DRD6Q6T,0.007984455
DS6ZQ49,0.0016707479
DSAPQI4,0.12775843
DSGX0VR,0.17680603
DT6RJK0,0.0020280376
DTCQ092,0.002481919
DTD6GHP,0.00079870335
DTZ5ZUX,0.00029359612
DUH3D1B,0.00022233896
DV42MB9,0.0032824182
DV92M9K,0.0013746134
DVGSA8V,0.0040154294
DWMZEYT,7.518405e-06
DX6XXRQ,0.0027052334
DYC8UPU,0.0006133833
DYHDB6K,0.0069864825
DZFI9R6,0.00045228202
DZGZTQE,0.00020020542
DZKW82N,0.00018468135
E008TW4,0.0007233677
E02W827,0.0014000542
E1NTZ9N,0.0003611658
E21NBOO,0.0006105656
E23ZFYD,0.002069171
E2LQDCJ,0.00072183996
E311GPI,0.00011210864
E4HWL53,8.6161956e-05
E4J2CJV,0.00015795142
E4UQKTJ,0.0020546988
E5QPWKY,0.0005271892
E5RL7PO,0.060885977
E69SO99,0.0069095683
E6JPEDO,0.0011972802
E6ORU91,7.645614e-05
E777SM5,0.0005180405
E79PNNB,0.012457137
E7N21AN,4.038349e-05
E7TF5VO,0.0033927825
E815QPG,0.00026621582
E9731TA,0.0011504069
E9DYOBU,0.00040056967
EAYRIP1,0.0005290638
EAYTGHU,8.469846e-05
EB5RD6V,0.0008576588
ECK083L,0.0026776867
ECKYZNE,0.00047738178
EDCD31R,0.0014881259
EDNN7E0,0.0015417978
EEYAPNY,0.001925763
EFM7FY9,0.00016786021
EG4MBZJ,0.0005169883
EGNBLPR,0.0002244151
EHEK5JO,0.009064058
EHET3R7,0.11031585
EI7UFM4,0.00020430733
EILBH9V,0.003899489
EIOM5IJ,0.0007979106
EJP25X3,0.0011323781
EMH6P2N,2.616912e-05
EMHIWYU,0.0003726343
EN8O72D,0.013629274
ENN49KL,0.0033444085
EOKRVYX,0.16477245
EOKXU35,0.00026723198
EPBAAHG,0.001622251
EPZI2RP,0.0102514895
EQ4WWH1,0.0017068646
EQXCB5I,0.004641932
ERKMIOK,0.00066868926
ERYWBK9,0.001732359
EU9KQM9,0.0048059747
EUB56XB,0.000998537
EUNJZKV,0.0029922912
EVQ5HW7,0.0011273727
EWBKKDD,0.001481532
EWHEZA9,0.00052348245
EWQCACI,0.0015240265
EX93NEI,0.00011762632
EXDM3DD,0.013971362
EXWTBG1,0.00013429971
EYFZF6E,0.0034707005
EYX6Y3Q,0.0012941147
EZUYF01,0.0024994868
F0U6CKH,0.0016914071
F0Z2VRU,0.0014477742
F12XMUM,0.0027279127
F17BPDN,0.001343721
F1DHQGQ,0.0008246188
F252NSK,0.00018069717
F2DK9CB,0.000111607
F4F16G6,0.0038467606
F4FL7D5,0.0019240561
F5R2LHE,0.00073178334
F60KZJN,0.0027349205
F6AAAIA,7.004964e-05
F7G3SVG,0.0028906956
F81G3T1,0.11094523
F8AZKW0,0.00046465997
F8CQ1FS,0.001954879
F8IYJT5,0.00044082117
FA2DGJV,0.0016465778
FAQFVQH,0.028299535
FAUVTC6,0.000102161226
FAYXLWO,0.0064009456
FB9J0ED,0.0007603862
FBFMJKI,8.93059e-05
FBPB3C2,0.00025658947
FBSF2R8,0.0015976302
FBU4NSS,0.0028230948
FCXIJ9Q,0.00475953
FE0RQ9T,0.00057706726
FE6RPV4,0.00023838118
FEE3C7Y,0.0011768002
FETLLHV,0.000602002
FFEEFD2,0.0013649917
FFLA04U,0.0007954324
FFUMO1F,0.00096087
FG1TCKK,0.0018361895
FIF6QO3,0.0027203267
FIXUXTF,0.0006364602
FIZPIC9,0.00034560642
FJE62PI,0.0018942318
FK4N3QO,0.00032616418
FKGREBD,0.0005876497
FL3MHTU,0.0021419984
FLMASS8,0.00024118656
FM60NLR,0.0007974402
FMGPR6V,0.0003870667
FMOE8CK,0.00018177254
FNB0I8H,0.00010285642
FNFMYX2,0.0038805944
FNJTHFA,0.00023065887
FNPJXCR,0.0009143946
FO2KFFC,0.0006497546
FPFRNYN,0.008794376
FPKSTZM,0.07923357
FPM94YV,0.0013131677
FPRYXF3,0.00010847159
FRCG03L,0.0008904987
FRF9AE7,0.005719772
FRFP9RQ,0.007762038
FRIPR9L,0.03422316
FSMY3XE,0.0011675385
FSOWSQT,0.003671485
FTPVBZM,0.00016382532
FUTW1OM,0.0033102809
FUXGRSO,0.00017610456
FV20OH2,0.00015840073
FW0EVC0,0.00019283459
FW42M3C,0.0019228167
FWS41FE,7.966397e-05
FWV64VK,0.00012033518
FXEMCQ2,0.0002684959
FXWA9P6,0.00063580694
FZF9PNI,0.0051077046
FZI4101,0.0017208888
FZUPNK6,0.0011259362
G22BWB0,0.0003565115
G3HHQS0,0.0030786027
G3IQDVL,3.5127883e-05
G41ZDXE,0.0014941941
G4AK5JB,3.0368747e-05
G5GRYEX,0.00042987158
G68P8FL,0.008513746
G6EN2Q4,0.0007148505
G6FZWAV,0.00010699372
G6H7ETO,0.0012279728
G6MKUHO,0.0011980012
G6P191G,0.0038911763
G7J8UUM,0.0005692562
G8WQJOF,0.008231978
G96NBI5,0.00031886963
G9ZPPHS,0.000531723
GAAHS61,0.0008769663
GAIUSV2,0.00018668873
GAL0XQ1,0.0021884285
GCZEVAJ,0.00010109195
GDPYD0A,0.00024902206
GDW6UBI,0.0003395079
GFJB341,0.00034742017
GFPY4K4,0.0006241966
GI25DDX,0.0014801776
GIBPB7Y,0.00051515055
GIE3HFV,0.0020940127
GIFHZD3,0.0002288226
GJN703F,0.0008143042
GJRZYYO,0.00059482537
GLQZY9V,0.0054506417
GMXTFDC,0.013798095
GN7TPQ5,0.0002927146
GNESAE1,0.0035893982
GNS2PAC,0.000488069
GOCGPPL,0.0014911629
GP3JZ5L,0.002540663
GP3MNC7,0.00018879387
GPGMLLQ,0.0009104234
GPMN1CW,0.0008438648
GPQIPPI,0.0050893556
GPSR645,0.0026149598
GQV2Y60,0.001299761
GR09NN4,0.011397495
GR2PTV0,0.0023469352
GRM7GIN,0.00014356825
GS6H2J0,0.20049308
GSD2EIF,0.00019708222
GT72YWC,0.0065945527
GTA6O1K,7.555279e-05
GTB7KKD,0.0012426133
GU9X2V6,0.00071894145
GUFCKD9,0.05936041
GUP6X7P,0.003218994
GUZ1V89,0.0021005105
GV2E0QN,0.0039135558
GW1MNYG,9.066915e-05
GYXEUWH,0.0002534585
GYZK2ZA,0.0010897295
GZ5VR1A,0.00019695109
GZ85E1S,0.008570364
GZMIIWU,0.0012189826
H0EAI2P,0.049644765
H0IQTIU,0.0004925501
H13QI1N,0.039581373
H1AO3PY,0.00030891184
H1C7U3U,0.00025384303
H1FXIJK,0.00091220427
H1HUFSX,0.00071907754
H1IHES8,0.0005739552
H1Z57SQ,0.0017719285
H2UVP23,0.0016649606
H33PS7L,0.0012235001
H3NMU82,0.0025970284
H3XPHIQ,0.00087361445
H41I33J,0.0055690375
H5EMIG0,0.0024844336
H5UOIQI,0.00027375613
H5ZW9HE,0.0005454838
H6237TI,0.007129083
H6EY9BD,0.0028526888
H6IQBHL,0.000522072
H6QJVHJ,0.0007697873
H6V4B64,0.0010044244
H707000,0.007614693
H7EU4SM,0.0021549852
H7ODZO2,0.015431738
H8A7TY7,0.00041446503
H8V9QQ5,0.0010013889
H9658EA,0.0010959364
H98QYQ6,0.00025530785
H9HGB4B,0.00074015674
HA0WGEX,0.0065060514
HA17RQM,0.1502319
HA7HB3L,0.7137665
HAGR6EI,0.009213405
HAJVHFC,0.010531401
HB3CCUY,0.00072972896
HB7XU24,4.3775515e-05
HBKOXPQ,0.0011277539
HCN9O81,0.00044669054
HCTUIKD,0.0069344994
HD75GU9,0.00044255203
HDZ92C7,0.0010659173
HE8UEJT,9.7860226e-05
HFI0MJM,0.00096168794
HGD9FII,0.0008829647
HGITQTD,0.0016702628
HGWVGK0,0.098066926
HHFTPS2,0.0009785057
HIBJIEP,0.00037971511
HIJWN1H,0.0014191639
HIZ37T4,0.00092915655
HJ12VEN,0.00080434
HJ46PHZ,0.00031690882
HJBWIUC,0.0002246011
HNM9QF4,0.0002925684
HNWQDFU,0.00062716025
HPOEPHF,0.001046466
HPVGSXE,0.010883586
HQM1L03,0.0002830766
HR44U7E,0.0010278265
HRUU2WQ,0.0010945549
HS5F752,0.000114277565
HSNUXBT,0.00020359426
HSUQCQD,0.001121615
HTXXK5N,0.0018218793
HU2996O,0.0010603237
HVDG40C,0.00040620856
HW6HX9X,0.020818662
HXPIRW7,0.002761848
HZKVUQR,0.009340236
I01F5W6,0.00066235743
I0CKG98,0.0006065016
I1RQ459,0.00019594953
I1RZY39,0.0042135427
I2AAQG0,2.1906184e-05
I3547HT,2.3565763e-05
I39WWWF,0.003410156
I4PGI9I,0.011568309
I5QBUW7,0.00010847727
I65NE8B,0.0009176369
I6DRGCM,0.0022250726
I6GSR1N,0.0042714295
I772HGS,0.00023332599
I7OUGRD,0.00203766
I7ZNUCF,0.00032365858
I82SKA3,0.000103804115
I8ZXP0S,0.0013730695
I95Q1P6,0.0017134487
IA0WIFD,0.30265304
IAFJ7G0,0.0021889554
IAYIJP9,0.0053399527
IB0TL9G,0.5429531
IBU3C6R,0.00016909461
ICB3HUA,0.0007519811
IDTH04F,0.035079505
IE5DMVJ,0.0028810808
IFSQ8YG,0.00042503208
IFXLFYY,0.0011149814
IG32ZVJ,0.00018208809
IGP0U7C,0.00032869424
IIU3JWP,0.00045803576
IJJSDE1,0.00033588207
IJOYF98,0.0010419522
IL0OO6J,0.08376447
IL3FG9S,0.001975338
IN1PEOI,0.0009142295
IO5XYA3,0.0014855285
IOJ5MEY,0.015369375
IPEPV43,0.0005371205
IPM2V5N,0.0012218556
IPSVT4U,0.000617756
IQ7677R,0.0017384174
IQKNO15,4.1802927e-05
IR2A1O1,0.00017565812
IRUZCGA,0.00036276347
IS05SPW,0.00030887357
ISGLSZN,0.00016008219
ISKHG47,0.00071663695
ISRHF8K,0.0021963667
IT5V4KW,0.0010470634
ITB6R5J,0.0013476285
ITQX2TT,0.00027253787
IUM9SHI,0.0014330081
IVKLKFK,0.0007004928
IVM6NZU,0.0005062886
IVSI1CM,0.00033237698
IWCPDCE,0.0077835303
IXXCB23,0.004042539
IYBMG1Z,0.00012000207
IYOD9FC,0.000298935
IZ4ZT55,0.00031331464
IZ6RP73,0.00053708104
IZF67Q3,0.0011439223
IZHFJMQ,0.0011053055
J08AL0L,0.008062781
J0H90ZY,0.0011128566
J0UBGWM,0.008048797
J0XVB4O,0.014266603
J0XYSXM,0.00065486605
J0ZP5P6,0.00010045063
J18MNNX,0.00092622155
J28NG8F,0.6709595
J2IC7LS,0.0008872734
J30447D,0.00016636064
J31UIC7,0.00053404196
J33WYI7,0.00041568652
J36XLS7,0.00408344
J3BQ3AA,0.0023927565
J3Z37Q2,0.0005571752
J478EVT,0.0030012454
J49MQUD,0.024560489
J4DAYE8,0.0007989385
J4E2BIS,0.00059533643
J4NV9K2,0.00015554689
J4YOGXT,0.0010336831
J5GSJ5O,0.39576817
J5IWVZ1,0.00031402934
J6ATM7T,0.0005352285
J6BDNDF,0.0009267742
J6FXYKJ,0.010546866
J820YM0,0.013290885
J83M5HI,0.0006017502
J8VZMCM,0.0074200453
J9KST3P,0.0026000722
J9OXOXJ,5.5515543e-06
J9PUHBC,0.00094356213
J9QRXK1,0.10798533
JA3SLMC,0.00058213633
JA3SUV9,0.058156416
JAIMXJK,3.4659963e-05
JASW48A,0.0013641586
JBDWKH4,0.0018232691
JDCU1BB,0.00020155076
JDJ79ZM,0.011578175
JDV5ASX,0.004070474
JEK1B7Z,4.7925267e-05
JEKPM74,0.00079208653
JG13U4D,0.0022629942
JHL13NX,8.843817e-05
JHWYAXV,4.4919256e-05
JHZ8TZU,0.005082807
JI30UR8,0.1431303
JI95AC8,0.0003949145
JIRV3S9,0.004269258
JIYK4UC,0.0043268343
JJ5RRDM,0.008357659
JJ9URN4,0.10940026
JKH1QTN,0.0011169652
JLN8UP6,0.00018090782
JLSD0VG,0.007832954
JMRS4QU,0.00064834795
JMTMT7A,0.07593582
JNAACIU,0.0020446389
JNZ601M,4.3011136e-05
JOJZQBT,0.00017614922
JOP996O,0.0006522021
JOPO5KZ,0.00083683
JP0SKDD,2.591118e-05
JPB1YQ7,0.0038818186
JPFXN5J,4.6149176e-05
JPNL64O,0.04325256
JQD65MO,0.0006983119
JQJPB1R,0.030067537
JQPVKYF,0.0004734182
JQYDB36,0.00082883897
JR5ACE3,0.0037998762
JSES9ML,0.10509005
JTI6LEZ,4.4058877e-05
JTLZY7A,0.00045385343
JU1UW15,0.0031916988
JUSPCPH,0.0011029667
JV3G4RP,0.00041508404
JVTIU8C,0.0014819482
JVYGRFP,0.00016460917
JX1L760,5.373659e-05
JX9MYX3,0.0073489463
JXT8V9B,0.00095922855
JY2KFI3,0.0011610194
JYEUBFA,0.00046770842
JYG9F93,0.012367995
JZ79YGM,0.00042021877
JZIK54B,0.0018867151
K0JYH8V,0.0034951463
K0N3496,0.0006696347
K0TF3XJ,0.0009292176
K1YIT7T,0.071479626
K3WWIWN,0.00067440065
K4C0O7U,0.0017483492
K4H04VQ,0.00015696845
K586E63,0.00031513785
K5QF5H4,0.0028304094
K5XPJDU,0.005632596
K63W16K,0.0007428911
K699SKA,0.0002950491
K6XQHO5,0.00082156865
K70DZEG,0.00043835677
K7AA5M6,0.0022362012
K7QIOT4,0.00066482736
K85LM8K,0.00055718265
K8FQLLT,0.012378893
K8MIF2W,0.0015543167
K8QDPNB,0.001662534
KAK5W0U,0.0014906406
KAWW0BH,0.00058386585
KB28IB2,0.0047345646
KB4LNWV,0.0005961879
KCCSJKN,0.0005167836
KCP59S8,0.0012283484
KDN7UUG,7.909398e-05
KE7ZAXB,0.000119091135
KEOJSJB,0.000745127
KEQRSTN,4.9302984e-05
KFKYAFY,0.00068666076
KGHRVIF,0.0015138715
KGVKSQQ,0.00043083236
KIE0VID,0.0002944539
KIHPEQ8,0.0019886172
KJG3YIT,0.0005697523
KJGGEBA,0.00075787486
KJSCQRF,0.0005464801
KKTW5V3,0.013444651
KLEY6MZ,0.0051461956
KLKUXW4,0.0010779949
KLP79GX,0.0015643762
KLVKE0H,0.001913376
KLWVP5I,0.006917383
KLYL7LI,0.0013694866
KM5IZIZ,0.00086908543
KMA8HMS,0.0020848252
KMEKEO8,0.00014737077
KMLQ85A,0.002891589
KMT2PML,0.0009901159
KMW3H57,0.0016502669
KNYIMGU,0.0008020676
KOUX8XN,0.00060933287
KPO5LSJ,0.012133766
KRBQQP6,0.00030762076
KRT2WSQ,0.00092415
KRXRZJO,0.00056745333
KRZVJX7,0.0028048574
KS1CG51,0.00047642755
KS7ABCL,0.0039213016
KST49H6,0.001960172
KSU6C04,0.16031907
KSV8Q7A,0.0015777302
KT5FHDG,0.003538106
KTL0F53,0.0012824959
KTV400O,0.0007736459
KTXA73K,0.00035313313
KTYIHUO,0.0018884552
KU14Q9U,0.00042981014
KUHR3W6,0.000580493
KUUPU66,0.0051545077
KVAHKGQ,0.007180569
KW0QEKE,0.00164607
KW7PCE0,0.00015175104
KWABKVE,0.00012354481
KX8L5BZ,0.0030171606
KXGDKBP,0.0012153729
KXWAPT8,0.0017372699
KZ2DYFS,0.0022797242
KZRUDPY,0.0019515156
L0B1RDB,0.00067058473
L0NW1GL,0.00027938723
L1VZYL6,0.0026324
L1YNQP0,0.00055000844
L2ZYR2C,0.0023245523
L4FU4OV,0.0020954004
L5365BG,0.0018201191
L5QU6LZ,4.5428056e-05
L65WKRO,0.0007565652
L6YZ4GA,0.0049236435
L6ZDMXO,0.005640443
L77WHZU,0.0014603344
L84UA8I,0.0026134034
L8OUB04,0.0049227886
L8TNOLN,0.002412921
LA241I6,0.0005153927
LAH22U9,0.0047423635
LASLWH8,3.87664e-05
LB6TKNE,0.0014257202
LBZKDV0,0.0020742074
LCL8JNE,0.0011775902
LD0QHBJ,0.004689094
LD8E6YX,0.004188395
LD8WUU4,0.0724985
LDY2XXL,0.2324273
LH43EZ0,0.0006718811
LHCK8RS,0.004133177
LI3IASC,0.0052961116
LIKN87E,0.004131837
LJ5JG87,0.0019716104
LJYAQZK,0.0018830578
LK9B1G0,0.09739308
LL5US6P,0.0004973382
LNSINC1,0.0017821616
LO227ZU,0.0010657031
LORDNMX,0.00039286376
LOZLLM0,0.001310225
LPBSHZH,0.0003412373
LPGBSBY,0.0030309025
LPYS3R6,0.00021739617
LQAOJ03,0.000624113
LR9DEQY,0.010604095
LRF1KDH,0.00047614696
LRJSKSR,0.0011737881
LRXTR0S,0.00044929705
LSUQEZU,0.00094164483
LT0SPL9,0.0003094908
LTQ9DEJ,0.001090203
LU8B715,0.0046870606
LVLOPH4,0.0013410661
LVMDLPW,0.00018448159
LW0IZYR,0.0013119383
LW5SHK6,0.0026261678
LWNER2Y,0.00083391694
LWNTG7Q,0.00025739783
LWZO3U7,0.00038409873
LX34JYG,0.00027099386
LX8OZKY,0.0005132012
LXXLTWV,0.0005538672
LY1FF0J,0.0013370789
LY2M515,0.0003701577
LZ9PLBO,0.0014812548
M0KYCAE,0.00092972064
M13EFY0,0.00035995533
M1CHL0P,0.20678711
M1MCD5E,0.00010517242
M1QF3BI,0.00033723752
M1WWLEG,0.0004958972
M26S3J9,0.0008837214
M2IXF3M,0.0005754234
M2JQNPH,4.5851408e-05
M2MIWT0,0.0044984804
M3GXFKG,0.0053315554
M3RI46V,0.0009557693
M54Y1S7,0.011063575
M5GKBF4,0.001140217
M6QEQFQ,0.0006702062
M746KJ5,0.00361613
M8038X0,0.0069831978
M827C34,0.0030825667
M8DE2CZ,0.0004781751
MBB044W,0.029939571
MCE1JQU,0.00051151554
ME0JBWI,0.0012638224
MEMQAXV,0.0006089349
MFGHIKU,0.1844982
MG5FID9,0.00063473615
MGXT9YT,0.004126186
MHGWJNO,0.00012516911
MIMKJOT,0.00021091825
MIUUGYB,0.0014317709
MJ1Y2WB,0.0033447167
MJKVENN,0.0027077482
MJQVAYS,0.0017858113
MKHAPM3,5.7340825e-05
MKXFPY4,0.009508738
MM2KUJF,0.0012657595
MM2N1VS,0.0002198452
MO14D1G,0.0024626884
MOABW0P,0.005097208
MOKNARX,0.0041405023
MPFML7Z,0.00010545461
MPFV0DZ,0.00044286897
MPX2G7I,0.0021873324
MQHBS0F,0.0010972583
MQRI5VV,0.0007017965
MRAZJKB,0.00022736205
MRJ2XO4,0.0076069706
MRS1RZ0,0.00012072952
MTGVGNU,0.0019365096
MTPE4Y0,0.00047652837
MTQ84QW,0.2234371
MTRIFQX,0.00685023
MTROEA4,0.10303128
MTSMFTK,0.0003418654
MUN8PNV,0.0041106753
MV0XTTM,0.0034765406
MW002BO,0.0002546517
MXG6CR6,0.000793142
MYF1JA5,0.00026037157
MYGCW8T,0.0005207364
MZ1QCS8,0.002494685
MZ6IL44,0.0004547555
MZLYKTN,0.00014906388
MZP5V5T,0.002232094
MZQI7XT,0.0076769865
N01C3SD,0.001388136
N04CIOF,0.0005679977
N067XGP,1.7449827e-05
N07TNIH,0.0001521579
N09IIE8,0.0014360477
N1FJPCX,0.0030417342
N1GBLRT,0.00075532356
N1NRX28,0.00030378212
N22LUQW,0.009166001
N2SIYXK,0.00021697104
N2URRWX,0.0014283375
N32W4NO,0.0051253675
N3M0JZC,0.0036585585
N3RLRQ8,0.00032405317
N40AE9L,0.0015342861
N4DI2LY,0.0005669503
N4ZE0UV,0.0006598463
N54F1Y4,0.011095679
N5FXBTI,0.00021185304
N5NWM6S,0.01303163
N5TV040,0.667838
N67T6IP,0.0004361913
N6B8AAV,0.00018676778
N71K8VX,0.0021131348
N77P2OF,7.160519e-05
N7C3J5H,0.00022959316
N7JFDZO,0.000179202
N7WRJBB,0.0021318225
N8QDITW,0.002195677
N8T1KY0,0.0027561293
N97OVLY,3.773287e-05
N9D8QKI,0.022183396
N9J4930,0.00033607474
NAGFVMD,0.0001844239
NAITEHU,0.001788564
NAN0JZR,0.0010596269
NCFM94L,0.0058363937
NDBB53E,0.0008663841
NDDJUMB,0.0010344258
NE8M4JH,0.0012664727
NEMUIQL,0.0015978646
NG75TZL,0.00039845213
NGF203H,0.0005107258
NGUTPA8,0.0005426014
NH3K1TW,0.00050424103
NHEYOYW,0.0001342105
NHGQC6U,0.0001495669
NHQW717,0.0033873888
NICH67D,0.0007138474
NIFZCO4,6.343435e-05
NJI1YX8,0.0002290437
NKEARTQ,0.0017791527
NKMK8LA,0.00010691702
NKV30XY,0.2271234
NLH20K7,0.00037558662
NLVS1D8,0.00054941187
NM58UZ8,0.014729167
NMMV1IH,0.7409427
NMNB74L,0.0003174755
NMQLVI0,0.000119787925
NN70QGP,1.1234059e-05
NNM5LTC,1.2570078e-05
NOUVRMN,0.0052578137
NPHC4N4,0.0007190661
NRVZNFC,0.0014708268
NRZZBN3,0.0018522729
NS0CPOG,0.00016199853
NTA4WB3,0.0027885376
NTFZ7TZ,0.0016063811
NU39ZTB,0.0006405578
NVF9U4N,0.0014073966
NVM6S99,0.00063599786
NVQWTQK,0.009035355
NW44D40,0.015689189
NW4AWSR,1.228104e-05
NY88UT5,0.0020539244
NYC9345,0.0021169772
NYECB47,0.0024889058
NYL6JGA,0.024556331
NZCKCHK,0.00039989187
O035G0R,7.9519086e-05
O0M9TS8,0.00041340356
O1IKFTM,0.02459491
O1MG36K,0.0035705802
O2IV99S,9.845515e-05
O38N0ZG,0.0026965495
O3SWDUF,0.00017015642
O4QOKH0,0.0011604225
O69PGSY,0.029335685
O6KBSCY,0.0034274468
O6L792E,0.0014782618
O7FPGMS,0.0004705247
O7OOUR3,0.001746057
O7U2CO5,0.00021258208
O9FA760,0.0011971524
O9FNJAH,0.00037742758
O9IH2ZO,0.00035105905
O9VLAFO,0.00053976924
OAXOB6G,0.0034375174
OAZITZ2,0.0007223361
OBEIJGF,0.00046787964
OBLG5E9,0.00081873714
OBWL58F,0.0027037722
OD9UC63,0.0023857302
ODYKHFF,0.00034742
OEMRSK8,0.0014846071
OF7WPXG,0.00019956028
OFFD69R,0.00048185428
OG0EP3D,4.129041e-05
OG5DEGW,0.0004999023
OGD0EZ6,0.0005888231
OGJ3QA1,0.07897219
OGXKG76,0.00077980926
OHUABS0,0.0019050129
OHZI63E,0.002291133
OIJSQXQ,0.00013769954
OJW2HW2,0.014086145
OKSUMZA,0.00018031713
OLS6AYX,0.0005940967
OMVFKKV,0.002108623
ON6AE6K,0.0018114608
ONDGRRX,0.0049464693
ONJRFHC,0.0007133282
ONNBXFG,7.091871e-05
OOLN1U3,0.0014155343
OOX2ND9,0.0014736286
OPSZ19U,0.0009071866
OR1BWHA,0.00020666038
OR60M28,0.0009492646
ORFF1S0,0.009077224
ORJF5O1,0.0016572524
ORLACYG,5.9828963e-05
ORV073X,0.009799063
ORW83L9,4.4155877e-05
OSQ1NWJ,0.0005725589
OT0K4KO,0.0011143925
OTE8DSL,0.00023011102
OTEHB5Q,0.00013533884
OU9TYRQ,0.00058192
OUHFADC,0.021981819
OUJMB18,0.00015132016
OUSQTGK,0.0035885742
OUT2E14,0.009210789
OVD5Q68,0.710248
OW19LQC,0.0007270638
OWR65E6,6.419601e-05
OYJBB4M,0.0008907871
OYKVF9M,0.00071416004
OYO6PDK,0.0009624
P0KSJ7U,0.24134783
P0RPZQ9,0.0031382157
P2LNLL8,0.0028933727
P4DFMD3,4.7810412e-05
P51P22Q,0.0008660136
P58N2BP,0.008117491
P5H9LD7,0.0035003999
P5I7LYK,0.0025691458
P6U658V,2.5326273e-05
P7147SW,0.3465123
P7664II,0.00021018008
P78PP54,0.00040296995
P8CFRQ1,0.00024935897
P8COJ9C,0.0007795514
P8J0THB,0.00028016584
P9G280Y,0.0030493916
P9OPEF7,0.004442842
P9Z50IQ,0.0008586916
PAGUKYX,0.0027375892
PAKQIV1,0.00084394845
PAN4DH5,1.5499993e-05
PAO8NM2,0.00096825504
PBVNY9P,0.0025831466
PBZI95N,0.0016030235
PDD5U0D,0.01358484
PDMGTC1,0.00019828591
PE4USWW,0.00042832253
PE557SE,2.6368301e-05
PE5G0Q3,0.0007620034
PEGQ2FM,0.00095595553
PH4SNSJ,0.0013681275
PIIY1XZ,3.553737e-05
PJXVZ2W,0.83205765
PKHFY5W,0.0018021411
PKIRDTZ,0.0008375818
PKRE4EC,0.00012579802
PM6U0DX,0.0012039114
PMLMNWW,0.00042897306
PMLZ11G,0.0021104398
PN62280,0.0005776335
PNK7XH6,0.0017133426
PO3CF7K,0.001007616
POI1LLI,0.0015388151
PPPE304,0.0024755665
PQW69ZO,0.004847698
PR6U1CN,0.00019462265
PRB097K,0.0011565501
PRF78K7,0.00091473
PRR8JI8,0.003314438
PT9KFIB,0.0015292612
PTRH8Q0,0.0011963362
PUQHDP8,0.0022957483
PVJCKQ7,0.0018887287
PW16K89,0.0011228395
PW7RVZG,0.00018871395
PWW449P,0.00013701571
PX248AW,0.0012028723
PX2LH25,0.0021783062
PXIQYLT,0.0030620452
PYJWPW8,0.0010912524
PYZQC7S,0.0024492492
PZ76M1Z,7.2654875e-05
PZXIC21,0.00023797495
Q06VTCB,0.0005599938
Q18EEAQ,0.008702334
Q1F957K,0.0005448784
Q1FVID7,0.0005258206
Q1W538Q,4.0032224e-05
Q31UCC5,0.0003368831
Q33W77M,0.00057299837
Q41MIR4,0.00046922316
Q4V2ERM,0.00075317343
Q4Z2JY4,0.00040995597
Q5BT6V9,0.00019979084
Q5DCEPN,0.00015185295
Q5K4HC2,0.00017438448
Q5QNH9A,0.00019776571
Q67KQTF,0.00053755555
Q6FK61F,0.00048295633
Q784C7C,0.0017021754
Q7NXLGZ,0.0037590514
Q83PLY1,0.007278965
Q84M0BA,0.0003136664
QA2CB9X,0.0026714378
QA4CUAQ,0.010950148
QAC9INK,0.00049482984
QAI9LN6,0.00031547272
QALF71S,0.001091645
QB56YLQ,0.0033050776
QBNJNX3,0.0030529902
QCQIRFW,0.00084654597
QCQU3QU,9.221452e-05
QD6VR9Y,0.00026963156
QD96QJ9,0.0019474261
QDC3Q90,0.63454515
QEJQIYG,0.00015582747
QEKXMT5,0.00037780826
QF2O3IZ,0.0014435725
QFD03JE,0.0008022098
QGICDSP,0.0007179196
QGSN94C,0.00031663096
QGVTTNU,4.7763613e-05
QGZUM94,2.9820287e-05
QH8HBS0,0.0004771313
QHTVN2S,0.007233562
QIFVJHM,0.008172926
QJ7CZWZ,0.0015633748
QJI3ZT0,0.00059962814
QKD8TXQ,0.016060261
QKDPSZO,0.00013092713
QKF0ADR,0.0014333213
QLKG8XQ,0.00078484515
QNOBI3C,0.0006827934
QO3H2Y3,0.00085217314
QOHOZK0,0.00040770994
QOX42YQ,0.0009718196
QP2XRDS,0.0014231821
QPS4JHR,0.0002542439
QQAP4GT,0.4296726
QR4J5AP,0.004893259
QRFYBQG,0.0009225348
QS0Q7GR,0.00026518857
QSM3IBT,0.0010245767
QT790VN,0.0004490363
QT8IQ6I,0.00016617104
QTA9QM3,0.0010754634
QUE01P4,0.000179085
QV7PJQ6,0.0034229076
QW2GRVT,0.0083534
QWDVEHQ,4.4258144e-05
QWZQZIL,0.00020050153
QXCFRF7,3.6948033e-05
QXU3L99,5.8548758e-05
QYKZ8LB,0.0008422999
QYL2O78,0.000233639
QYR0AVI,0.26340014
QZ2VP9M,0.0017608552
QZKWY1U,0.0010674557
R131DOR,0.0016440519
R2VTKBC,0.000223702
R3C8605,0.0003187049
R3QAR4Y,0.0008080859
R3S0R56,0.0006477803
R4AYQ9Q,0.0016136381
R4CJUMZ,0.00079355517
R4JCSPI,0.08812011
R4X96II,0.0032156957
R5TN8PG,0.00012300644
R5W5PJH,0.002329146
R7LC79U,0.00025530494
R89EDHA,0.002308937
R8ADFBN,0.03833868
R8HHNIU,0.00066193554
R92TR5R,0.009362168
R9D144U,0.00023715135
R9FHIZ2,0.00019393873
RA9SV88,0.0049139787
RALF91J,0.00041720996
RAU5FCY,0.0015685793
RAZXT0I,2.2232822e-05
RBKQQG2,0.0070939795
RBRRFT4,0.028458655
RCIGTUW,5.2883952e-05
RCS5KKM,0.00084145565
RCZSXX4,0.0006118559
RD4VEXH,0.3044352
RDJDL8H,0.0010059366
RDJSHDL,0.00026798953
RDT5MY4,0.0028159893
REC5ZG5,0.008031911
REL285P,0.00033367207
REYE9OO,0.0654133
RF6OK7T,0.002146646
RGB86QI,0.0008232912
RI3D3QZ,0.00075148215
RI5KYWM,0.0012116152
RIX2CVS,0.05584942
RJKGGZN,0.00024034343
RK1UQ8T,0.0010396795
RKLC7JM,0.0002421772
RL8GRMY,0.00034820818
RLOEFRY,0.00024282807
RLRC1YY,0.00097635883
RLSKBNI,0.0035859155
RLSY1LB,0.00031979178
RLWEMTX,0.029480437
RMHRA1V,0.008245634
RN53YM8,0.0006836649
RO29DH6,0.0006520694
ROHOFMP,0.00017557976
ROPLXIH,0.003965194
RP3H9OU,0.00033565477
RP60OER,0.0009846954
RPA7AL0,0.00032705476
RPDD2N3,0.001073473
RQKRX4M,0.00012564205
RRAK9G6,0.00041490362
RRJ2WGK,0.0010230659
RRN34O5,0.0006561993
RRRE9WD,0.0038243039
RSNC1SN,0.0013669236
RSOZFS6,0.00023835119
RTBNJ3Z,0.006977312
RU0YHRE,0.00019749795
RUACWK8,0.0036653555
RV9U4I5,0.00019570287
RVAUNW8,0.0002336733
RVBOCN1,0.0023117508
RVXRKB2,0.0018853463
RWDNKGI,2.0106902e-05
RWV7W03,0.008823883
S06M0UJ,0.0012579742
S0FJAS5,0.00022749606
S0IJZWP,0.00027702047
S0YQB65,0.0054286295
S169Y8A,0.0021030076
S21HNPJ,0.010538415
S2ILDDE,0.00079126155
S2T8HUA,8.2404156e-05
S3JY4YE,9.6949225e-05
S3RD28B,0.0011630058
S3WS9MG,0.00037371548
S41S4X6,0.11918304
S4BI4FP,0.0010447139
S4H523T,0.0023976716
S4N3WKH,0.0008626168
S4POZWO,0.0011323958
S58518X,0.22485127
S5C7MDZ,0.0020535267
S5CBFV2,0.001093357
S5J0K3Q,2.1946184e-05
S6558XC,0.0009788629
S697P25,0.0002704402
S6FFCR4,0.7406633
S8GIRYM,0.0016853397
S8J4SL5,0.0020339275
S8TY584,0.0035100356
S9M90RL,0.0016656456
S9THK8M,0.00022548148
SA4KWLB,0.00069986354
SBKKGQG,3.3384087e-05
SCBSDWS,0.0016819912
SDCVXC4,0.0008854146
SE4V6VG,0.0013915024
SE6S8QG,0.0016468726
SEDRGNR,0.00026645325
SEYLEU4,0.00027274166
SF3N097,0.014316635
SFTO5CE,0.00030676674
SFUT4ZF,0.00027799676
SFWGEIY,0.003023336
SGWST85,0.001278055
SHD3XZ5,0.0017396905
SHWUE20,0.12498215
SHXEK1N,0.00029427037
SIM8EH7,0.0038665836
SIN3WGA,0.0006102343
SIVMBA7,0.0042900206
SJ6JFWX,0.0019185827
SJGQOZT,0.00033715524
SJPAORY,0.00238344
SK6FSBI,0.0069657937
SKHO3X4,0.0012490245
SKT6ULV,0.0030490132
SKUGIRL,0.0021949438
SL6BDZM,7.2014685e-05
SLNZUUQ,0.021348096
SLP9AFT,0.0015580152
SLSR00I,0.0031705557
SO295JE,0.00047974792
SOGC4A3,0.00020532479
SP6WV4S,0.00018523865
SPCBYZM,0.0001621687
SQ0TSN5,0.0001954776
SQBUQ32,0.0023252757
SR7Y6DQ,0.0016072119
SRNL4PZ,2.3599901e-05
SRNWWJ6,0.0014164365
SROSY4L,0.0003621132
SS8EE9K,0.0020011694
SSAS3GW,0.0012181359
SSGG45Z,0.0030666587
ST3WC36,0.0009787822
SU1HUCF,0.00042797852
SU3UBVK,0.001103455
SUD0344,0.0083078
SUK6V9F,0.0029421314
SUPUT3D,0.00016995908
SV1BJ7G,0.00071847095
SV3G73Q,0.0057904604
SVFDM4Y,8.1299084e-05
SX3OHML,0.00015844575
SY3ISEK,0.0031583947
SY41WEA,0.0020324858
SYDSEOR,0.00010846062
SYEM7TX,0.0013875762
SYM01SX,0.00022972366
SZACS6F,0.00023962221
T0JY6CB,0.0002064581
T1L2LA0,0.0012703352
T2SKT99,0.0017864676
T2VQA12,3.14091e-05
T37MVYA,0.002838296
T4FJOOJ,0.0007198722
T4LKFDG,0.00017396064
T4XAS2Z,0.000775921
T5IUCHD,0.0011368212
T5LIBHT,0.0007382681
T5MMCBR,0.029286606
T6B1C7R,8.954083e-05
T75C55G,0.0007320909
T7B7XQ9,0.0025140704
T7CXUOD,0.00026770504
T7GQ6GK,0.00017275332
T7ST8QX,0.00058364356
T7TO6V6,0.0016452678
T8F45D3,0.0057518473
T9D2SB5,0.00022561375
TANYEFR,0.00043812033
TB766TV,0.0006124965
TCJ0IRL,0.003979844
TCMFWUK,0.0011154031
TE76HFT,0.004670872
TF4LVON,0.038073592
TFT9J3Z,0.0022980573
THQ7I5Z,0.0018067515
TIACHU1,0.0030297113
TIALLSD,0.0014936179
TIPOXMS,0.00030796614
TISFBP6,0.00011902506
TJOKUZ8,0.001652697
TKU87EE,0.0011393451
TLUHGRI,0.00046459684
TM08X4R,0.04481761
TM54KYE,0.00033320984
TMAPTGY,4.2004453e-05
TMNUS3Q,0.0070414357
TMOVD3M,0.00072467315
TMSSO3N,0.001010257
TN7ZKT0,0.00011965288
TNNZ5XX,0.0037340808
TNQJODJ,0.00011131152
TNRM88F,0.0007412749
TNXS15R,0.0013949509
TO6YUM3,6.645669e-05
TOAP45V,0.0010566708
TORM63R,0.0026729705
TPJWXWM,0.00090162724
TQ1PVMG,0.00013515106
TQ835UZ,0.00060979906
TR525SH,0.00049624144
TRERHMJ,0.0019394258
TSLEPR3,0.00026024328
TSP0POZ,0.0015896504
TU8ZSP5,0.0004954238
TV8FO97,0.00011334004
TVUXGMH,0.24223427
TWO1H36,0.0004491857
TXGGR96,0.004623563
TYD1DP9,0.00017265798
TYYH828,0.001165957
TZ4XDSE,0.00017664944
TZEA1WR,0.006155337
TZJCE11,4.14375e-05
TZLY5GY,0.0034825024
TZWKN4D,0.011247896
U0MSL1Q,5.4508696e-06
U0NOZQL,0.002197503
U1NYSAU,0.004010322
U20VW7Y,0.0015796745
U362165,0.00042007476
U3WNU2S,0.00011065485
U41R76J,0.00024347904
U43HSYS,0.00034348937
U5NRYK9,0.00251898
U701X5N,0.0015223302
U7BSIJA,0.0032409749
UAYI16Q,0.21501645
UB7JB4J,0.0014455299
UCFE9EH,0.0023993647
UD3SBL9,0.0040542013
UDBHLXV,0.00088196155
UDMQ4LA,0.0038445906
UDOGZA8,0.0003494649
UDPTNLY,0.0013512541
UE013OK,0.83759016
UE3P83S,0.88270056
UE9BARO,0.0330792
UFK4ZFP,0.0016005178
UGPCRZT,0.00051860616
UGTRKBB,0.0006498933
UGW7RNI,0.0005240176
UH7P1AS,0.00041724477
UHB5EWH,0.0057448843
UHE6906,0.0005461799
UHSLSFW,0.0012445386
UHXSW1N,0.00055666664
UI976RE,0.00038013887
UIMWSXL,0.00092065573
UJ2HIUF,0.00044929233
UJTV86E,0.0021322547
UK2HI66,0.0015403647
UK3YKHD,0.0011984303
UKAU01Q,0.0014776376
UKPALLP,0.0010366703
UNFLTS6,0.0025690822
UNZH5I8,0.0010361667
UOTDW90,0.0069154636
UPD3KPA,0.00055640645
UQYDKDI,9.336095e-05
UR83T4D,0.013979471
URCOFX9,0.0020129057
URH0M2X,0.0014174985
URLG8H1,0.0014110161
URX6WW6,0.0003488967
USM9ZLG,0.04584217
USZNQEN,0.0048521305
UTW5DNB,0.0015964176
UVUMZC8,0.0002822509
UWO9AXO,0.0024744116
UWOXSU4,0.0054791267
UWZN1Q4,0.0012705093
UX9D2DJ,0.016429119
UX9GYP2,0.0005165467
UYK29Z3,0.009036645
UZ11JY5,0.0074093696
UZBJHBO,0.004218073
UZC175Y,0.0007386464
UZE8XYV,0.29687878
UZECWKH,0.006614801
UZXA2RB,0.0001848043
UZXJNMH,0.00080559606
V05LWJV,0.0010008357
V0FSJ06,0.36243796
V11CJBC,0.00018584244
V1CJR57,0.0003611434
V1H48ZR,0.001397468
V3VLVL4,0.00021458123
V43I1WS,0.005620852
V4FF6LT,0.00042420917
V4V7U69,0.0001642763
V61MLVH,0.0021139798
V6T1KR8,0.0012910229
V7AZCCP,0.00065272505
V8JMMCO,0.00049418997
V9H4WF4,0.0014503511
V9SX6AE,0.020728407
VAYIGLC,2.8454508e-05
VB53FF7,0.0009404111
VB58EZG,0.84351254
VBQFX37,0.00053170504
VBXHAEF,0.004059806
VE065SE,0.00903758
VEMG2TH,0.0010628925
VFPDZZI,0.00059357716
VFY4LIP,0.005793596
VH42JJS,0.00037160626
VHBFU3K,0.27023485
VHDLTBZ,0.0005549079
VHP7IJL,0.6933789
VHTR0M5,0.64612556
VISBMFE,0.0018690526
VJ44AEI,0.00038868832
VJ5ATY5,0.00082103454
VJWN9B8,0.00020367347
VKF8YF0,0.00046985107
VKGC8YJ,0.000636173
VL50SDD,0.00012824264
VLANVQN,0.00027426242
VLGP568,0.3565059
VLLW62O,0.0027053414
VM1F1YU,0.0014174256
VN1VF2H,0.0012445825
VN4EILB,0.00068005774
VNBEJQ3,0.0010151743
VQB82D8,0.0034777927
VQS1VL8,0.00018270583
VRD0M26,6.162721e-05
VROLP7S,0.011925991
VRVMKAO,0.0017947673
VSC2MIZ,0.0029005501
VTGQQ8N,0.00048302882
VTKZ00S,0.0043166326
VTVUNYS,8.801218e-06
VU0DYVW,0.0020841418
VU9ZG2L,0.090475
VUGP851,0.008960805
VVCPKHC,0.0025195049
VVGMWBW,0.0005679225
VVH3B3F,0.0016781978
VW3GAV5,0.0006038006
VWCY6R6,0.0003918298
VWSQBVE,0.0018689195
VXSGL0T,0.00038793462
VY926WC,0.0023223436
VY9N4VN,0.0005236564
VYUHRMZ,0.00027940454
VZ3I3X1,0.00016144295
VZLCCJ0,0.00079024245
VZNHJTQ,0.0036217545
W0H2ZM6,0.0032747143
W157T1O,0.0023801192
W1DSGGC,0.0002160767
W1YBE69,0.00037240205
W260CVX,0.002062611
W2DZK0N,0.0009460764
W2F4TJO,0.0032788743
W2PX403,0.0014934865
W3FWA3R,0.00020425417
W3LOJ1K,0.0021358675
W3T8M2S,0.00016033607
W3YSMJZ,0.0024181986
W4L21AC,0.0043212133
W4PE769,0.00014388976
W4YBO3S,0.0020897952
W60TOML,0.0016296036
W63HG50,0.0004427774
W6CWU89,0.0010404509
W7KO2U9,0.0066708582
W7LBO4F,0.00018212403
W7LFKZH,0.0006915435
W7Q78SX,0.0026132653
W887OBA,0.0007398726
W8NYJY0,0.021075342
W8QLVFF,8.957336e-05
W9SPEDA,6.265132e-05
WA5219D,0.0030247231
WAAD1O3,0.0016899558
WAQBWQG,0.00034822957
WCJJF8R,0.00018302318
WDCHTUK,0.00012663544
WDNFLG3,0.0035115217
WDS392W,0.0003663937
WDY0KWI,0.0013550776
WF10DJ9,0.0026587143
WF92C3L,0.0016856238
WFVA9GV,0.003774101
WG1O1AM,0.0028399592
WG514ND,0.0076842364
WH731A9,0.0005508528
WH7IMHC,0.0015133194
WHR39MU,0.0007057744
WIV5LI1,0.23807509
WJ5XISW,0.0077587254
WK0S02O,0.0024021524
WKKKY3E,0.006778574
WL7W8LV,0.039282236
WLJGV8C,0.032038786
WM06XWX,0.11625064
WM9QZH2,5.2793606e-05
WMWIMS1,0.00016281602
WN2DDO4,0.0056419163
WNUD2H3,0.0009873732
WNWJODA,0.0035963047
WO51IY9,0.20359996
WP25GME,0.9236966
WPL13V9,3.671278e-05
WPO042G,0.0005959512
WQ1X7PR,0.00041871407
WQGXDG4,0.00030728278
WRKKZ8S,0.000749239
WSGICOW,0.00022549157
WSMAZK5,0.006103547
WSNQ2MX,0.00057419675
WTJN4AZ,0.00011350898
WUNX4U5,0.004261412
WUXVF0G,0.00028408834
WUZ1YLJ,0.0037879888
WV45UYD,0.0010982272
WVUGPBU,0.0008982749
WW7MXFY,0.17706846
WWUHX0H,0.00023624436
WX9HVHR,0.00059638533
WX9WVC8,0.011153439
WXY59D3,0.01793687
WZ900CA,0.0009885125
WZY82W6,0.00053445925
WZZ79P0,0.0012470157
X07TVBC,0.0053530396
X0B7JYR,0.0020422565
X0L5M4L,0.00071005773
X0PXFCI,5.1262396e-05
X1ONVIP,0.0023107214
X32G50X,0.054233182
X439YGE,0.00027948525
X4FP2UI,0.0012283771
X4SHVWA,0.75751877
X5Y8C5O,1.9773162e-05
X64MVWE,0.0016683079
X6H72BU,0.0019048932
X6QBI6P,0.0009689637
X6VD8U7,0.0006051652
X730H8O,0.00032138292
X73LKI2,0.15880539
X909VFA,0.00039859422
X92QD33,0.00034248814
X9KK2GQ,0.003127739
X9O9LSO,0.03390575
XBCAFTD,0.00033463922
XBG5K5H,0.0013618416
XBPNMBA,0.00023956371
XCD2PZW,0.0007486452
XCP80QR,0.0007120465
XEHJXAN,0.0003655449
XEN0IUH,0.0029667572
XFSO8D8,0.0008774707
XGSJD6O,0.0013094716
XGT4RW9,0.0006418237
XGZHKQT,0.00016395251
XHLSO5E,0.0019887195
XHX4521,0.003932726
XI3Z8Q0,0.0045358194
XIWLDOQ,0.00030310574
XIXXD5X,0.0003055659
XJK09J3,0.0010551765
XJN0B1G,0.00066808733
XK9824Y,0.000878578
XKFC905,7.6659024e-05
XKUHALI,0.015660185
XLM2TOR,0.0018176888
XLRFQQR,7.6796656e-05
XM4ZJP9,0.000162071
XM70PJM,0.0013843529
XMFUMTY,0.0004616851
XMGMAO3,0.0007119868
XNEJT8Q,0.0002021387
XO3SNCZ,0.00052732107
XOZP30U,0.00263016
XQL8C0R,0.05064106
XQNY012,0.00039551168
XQRUKF8,0.00067877147
XR6R2MZ,0.0006840094
XRL96BL,0.00023374996
XS6GAOT,0.0032394996
XSHF6UX,0.0036769034
XSI4VUQ,0.070592344
XVARA4B,0.0014681974
XVWVAOM,0.0007189922
XWKD64F,0.7854575
XWPKC7T,0.00032692723
XX5ADET,0.0015233229
XXQ4JM0,0.00016496253
XXT245W,0.0003603737
XYMV108,0.0009970716
Y043B6T,0.00031636603
Y0UHY9R,0.0001677682
Y1JEJSG,0.0019581574
Y27QF7R,0.33395466
Y28GDEC,0.0005470018
Y2BOYLF,0.37964952
Y2DKJNA,0.0004291739
Y3A1L2V,0.26427072
Y41TEE7,0.00966954
Y534MG5,0.00067698484
Y5I5T0R,0.0012642232
Y5KHHBJ,0.0029803256
Y5KJF0C,0.001063325
Y5Q0ATS,0.00042341466
Y5S61PQ,0.0010500922
Y64OT4G,0.0036210883
Y6AQ2VV,0.0077764555
Y6Q4MZF,0.095757194
Y8Y3KUR,0.0006988605
Y9EY9NF,0.002772654
Y9OTRN3,0.006075619
YAZ0UHC,0.0024033333
YBPEECL,0.2867473
YC1FAB4,0.0005738865
YC1ZILT,0.0006320917
YCBZRIP,0.001465722
YD9789C,0.00075366517
YDIPLK0,0.0009185742
YDZKG7T,0.00045856307
YF7LRB6,0.0009690404
YGZZM8Z,0.04771832
YI5ZQTI,0.00072891475
YJ7GF7J,0.00017515587
YJAWSJL,0.0017734262
YJII7XX,0.008537377
YJUROKX,0.0030310655
YK41LXX,0.030948374
YK9VYPF,0.009046924
YL1GGX0,0.01121213
YL5GJFZ,0.0004121452
YMCXTGA,0.0036513957
YN6559R,0.008269001
YNLIOQA,0.06143582
YO9SFHW,0.00012644239
YOHIXEU,0.00057777256
YOHWUFN,0.0019298668
YOOXDZ6,0.0016904885
YPRT4BT,0.0012138232
YQEPOXX,0.00023799353
YQW1X8S,0.28048697
YRA8EM2,0.00020547619
YRJ23A5,0.083087444
YS0X5RU,0.0009481745
YS1HL55,0.0015345733
YS2UR5I,0.14154497
YS7HFI4,0.001960187
YSGRJLC,0.019056715
YTBNSLB,0.0002924627
YTLCZXY,0.0004998768
YU27SPP,0.00018833898
YUK838P,0.01842071
YUYKHB6,0.0005229182
YUZRRGE,0.00087733153
YVD2RV3,0.0018212369
YVFJBPM,0.0017526988
YVVZXPI,0.0006819379
YVY3QZH,0.002558093
YX0GR58,0.00013173361
YXB0TOL,0.00048364617
YXBE4TU,0.0019419998
YYCSSVS,0.00029849584
YZOK7XP,0.004151873
Z133J5Y,0.0012992468
Z18GBU1,0.075838074
Z2GLFX8,0.0070433463
Z2Q0SGH,0.00034238238
Z32D3F1,0.0006141871
Z368QYM,0.0010711246
Z3EEO24,0.00090480066
Z3W41VK,0.00062372594
Z3ZFNC7,0.001572394
Z4E3HNF,0.00012735573
Z50I7WL,0.0017219638
Z5C6SUG,2.3818837e-05
Z5NB0QK,0.0020306082
Z5X4NC2,0.010425947
Z69ZCUW,0.04420124
Z6X36FB,0.00017173128
Z72U1IX,0.0020414304
Z757FFX,0.02017033
Z78XE75,0.0012730767
Z7IHSGR,0.0004133354
Z7QOXK4,0.0011157809
Z8METQ5,0.00041442792
Z8MS2MZ,0.00019196377
Z92H2E9,0.0004449636
Z9SF498,0.0009733397
Z9W3994,0.000113600356
Z9ZXN7T,0.008287675
ZA1GI00,0.0012305037
ZAOP6GY,0.007387417
ZAOZCTE,0.00031046485
ZBARFIN,0.00045898207
ZBB39SI,0.0015167068
ZC4NRAW,0.00032157786
ZC7IV2H,0.0027927028
ZDIM74R,0.01853293
ZDYFXPA,0.0032630202
ZE2VQ47,0.0807148
ZEWBZ5A,0.0014251969
ZEZF1D8,0.00028083872
ZF9QMXZ,0.0016774382
ZGLUX80,0.00056286843
ZI9YWWD,0.004859451
ZKENSNS,0.00013701858
ZKQI32F,4.5229903e-05
ZMJ3PWS,0.0005046391
ZMJZSM5,0.00045050922
ZN8O07B,0.00064571877
ZNIBRMI,0.00087651185
ZNQK40I,0.0003557559
ZO34NL5,0.007899881
ZP6AYU3,0.0013569896
ZPA103A,0.001707739
ZPK4B1A,0.00036295666
ZQC8OFW,0.0088375965
ZR380RR,0.00013543875
ZSPIX7D,9.46684e-05
ZTKL2OU,0.0010740556
ZTMXLV1,0.008962605
ZVH0VHN,0.09631178
ZVJO7M3,0.0011630047
ZVOUBIU,0.0043553896
ZVYA7UP,0.0024548068
ZVYPHJF,0.0008020649
ZW1WJ3T,0.00018874346
ZW3AZC6,0.00020121087
ZW59IMY,0.009653394
ZWYOP7T,0.0006010054
ZX518YD,0.9170357
ZXJGA93,0.18462154
ZXO90OM,0.48693696
ZXTOTE4,2.4509494e-05
ZZ37046,0.00048794248
ZZKO0HF,0.02004596
ZZQN3L6,0.005489436
ZZTR6YO,8.05593e-05
